hours,dist,yday,time,temp,elev,natdiv2500,natdiv1000,natdiv500,natdiv1000new,natdiv500new,sqrt.popd2500,sqrt.popd1000,sqrt.popd500,popd1000new,popd500new,poc2500,poc1000,poc500,poc1000new,poc500new,income.med2500diff,income.med1000diff,income.med500diff,income.med1000diffnew,income.med500diffnew,yrbuilt2500,yrbuilt1000,yrbuilt500,yrbuilt1000new,yrbuilt500new,link,link.se,pred,lcl,ucl,var,value
1.4,0.45,-0.670618043,-0.8047999,-0.2,-0.2989265,0,0,0,0,0,0,0,0,0,0,0,0,0,0,0,-1.362539751,-1.362539751,-1.362539751,0,0,0,0,0,0,0,3.333744534,0.059974859,28.0431539,24.87329696,31.61697791,income,-60.849
1.4,0.45,-0.670618043,-0.8047999,-0.2,-0.2989265,0,0,0,0,0,0,0,0,0,0,0,0,0,0,0,-1.3,-1.3,-1.3,0,0,0,0,0,0,0,3.343001752,0.056283871,28.3039608,25.29063098,31.67632304,income,-57.52997402
1.4,0.45,-0.670618043,-0.8047999,-0.2,-0.2989265,0,0,0,0,0,0,0,0,0,0,0,0,0,0,0,-1.25,-1.25,-1.25,0,0,0,0,0,0,0,3.350150604,0.053485252,28.5070266,25.61505077,31.72551063,income,-54.87644093
1.4,0.45,-0.670618043,-0.8047999,-0.2,-0.2989265,0,0,0,0,0,0,0,0,0,0,0,0,0,0,0,-1.2,-1.2,-1.2,0,0,0,0,0,0,0,3.357075344,0.050824795,28.70511539,25.93065226,31.77643361,income,-52.22290783
1.4,0.45,-0.670618043,-0.8047999,-0.2,-0.2989265,0,0,0,0,0,0,0,0,0,0,0,0,0,0,0,-1.15,-1.15,-1.15,0,0,0,0,0,0,0,3.363775971,0.048305232,28.89810352,26.23686564,31.82927405,income,-49.56937474
1.4,0.45,-0.670618043,-0.8047999,-0.2,-0.2989265,0,0,0,0,0,0,0,0,0,0,0,0,0,0,0,-1.1,-1.1,-1.1,0,0,0,0,0,0,0,3.370252485,0.04592935,29.08586989,26.53312058,31.884219,income,-46.91584164
1.4,0.45,-0.670618043,-0.8047999,-0.2,-0.2989265,0,0,0,0,0,0,0,0,0,0,0,0,0,0,0,-1.05,-1.05,-1.05,0,0,0,0,0,0,0,3.376504888,0.043699917,29.26829616,26.8188515,31.9414558,income,-44.26230855
1.4,0.45,-0.670618043,-0.8047999,-0.2,-0.2989265,0,0,0,0,0,0,0,0,0,0,0,0,0,0,0,-1,-1,-1,0,0,0,0,0,0,0,3.382533178,0.041619576,29.44526681,27.09350483,32.00116571,income,-41.60877545
1.4,0.45,-0.670618043,-0.8047999,-0.2,-0.2989265,0,0,0,0,0,0,0,0,0,0,0,0,0,0,0,-0.95,-0.95,-0.95,0,0,0,0,0,0,0,3.388337355,0.039690718,29.61666932,27.35654811,32.0635154,income,-38.95524236
1.4,0.45,-0.670618043,-0.8047999,-0.2,-0.2989265,0,0,0,0,0,0,0,0,0,0,0,0,0,0,0,-0.9,-0.9,-0.9,0,0,0,0,0,0,0,3.393917421,0.037915311,29.78239421,27.60748135,32.12864636,income,-36.30170927
1.4,0.45,-0.670618043,-0.8047999,-0.2,-0.2989265,0,0,0,0,0,0,0,0,0,0,0,0,0,0,0,-0.85,-0.85,-0.85,0,0,0,0,0,0,0,3.399273374,0.036294709,29.94233525,27.84585039,32.19666227,income,-33.64817617
1.4,0.45,-0.670618043,-0.8047999,-0.2,-0.2989265,0,0,0,0,0,0,0,0,0,0,0,0,0,0,0,-0.8,-0.8,-0.8,0,0,0,0,0,0,0,3.404405214,0.034829435,30.0963895,28.07126187,32.26761465,income,-30.99464308
1.4,0.45,-0.670618043,-0.8047999,-0.2,-0.2989265,0,0,0,0,0,0,0,0,0,0,0,0,0,0,0,-0.75,-0.75,-0.75,0,0,0,0,0,0,0,3.409312943,0.033518959,30.24445744,28.28339902,32.34148786,income,-28.34110998
1.4,0.45,-0.670618043,-0.8047999,-0.2,-0.2989265,0,0,0,0,0,0,0,0,0,0,0,0,0,0,0,-0.7,-0.7,-0.7,0,0,0,0,0,0,0,3.413996559,0.032361477,30.38644311,28.48203691,32.4181844,income,-25.68757689
1.4,0.45,-0.670618043,-0.8047999,-0.2,-0.2989265,0,0,0,0,0,0,0,0,0,0,0,0,0,0,0,-0.65,-0.65,-0.65,0,0,0,0,0,0,0,3.418456062,0.031353742,30.52225416,28.66705568,32.49751244,income,-23.03404379
1.4,0.45,-0.670618043,-0.8047999,-0.2,-0.2989265,0,0,0,0,0,0,0,0,0,0,0,0,0,0,0,-0.6,-0.6,-0.6,0,0,0,0,0,0,0,3.422691453,0.030490945,30.65180199,28.83844991,32.57917705,income,-20.3805107
1.4,0.45,-0.670618043,-0.8047999,-0.2,-0.2989265,0,0,0,0,0,0,0,0,0,0,0,0,0,0,0,-0.55,-0.55,-0.55,0,0,0,0,0,0,0,3.426702732,0.029766689,30.77500185,28.99633245,32.66277693,income,-17.72697761
1.4,0.45,-0.670618043,-0.8047999,-0.2,-0.2989265,0,0,0,0,0,0,0,0,0,0,0,0,0,0,0,-0.5,-0.5,-0.5,0,0,0,0,0,0,0,3.430489899,0.029173062,30.89177288,29.14093174,32.7478078,income,-15.07344451
1.4,0.45,-0.670618043,-0.8047999,-0.2,-0.2989265,0,0,0,0,0,0,0,0,0,0,0,0,0,0,0,-0.45,-0.45,-0.45,0,0,0,0,0,0,0,3.434052953,0.028700818,31.00203826,29.27258222,32.83367245,income,-12.41991142
1.4,0.45,-0.670618043,-0.8047999,-0.2,-0.2989265,0,0,0,0,0,0,0,0,0,0,0,0,0,0,0,-0.4,-0.4,-0.4,0,0,0,0,0,0,0,3.437391895,0.028339642,31.10572527,29.39170852,32.9196972,income,-9.766378323
1.4,0.45,-0.670618043,-0.8047999,-0.2,-0.2989265,0,0,0,0,0,0,0,0,0,0,0,0,0,0,0,-0.35,-0.35,-0.35,0,0,0,0,0,0,0,3.440506724,0.028078488,31.20276535,29.49880482,33.00515298,income,-7.112845228
1.4,0.45,-0.670618043,-0.8047999,-0.2,-0.2989265,0,0,0,0,0,0,0,0,0,0,0,0,0,0,0,-0.3,-0.3,-0.3,0,0,0,0,0,0,0,3.443397441,0.027905948,31.29309422,29.59441155,33.08927917,income,-4.459312134
1.4,0.45,-0.670618043,-0.8047999,-0.2,-0.2989265,0,0,0,0,0,0,0,0,0,0,0,0,0,0,0,-0.25,-0.25,-0.25,0,0,0,0,0,0,0,3.446064046,0.02781062,31.37665189,29.67909144,33.17130802,income,-1.80577904
1.4,0.45,-0.670618043,-0.8047999,-0.2,-0.2989265,0,0,0,0,0,0,0,0,0,0,0,0,0,0,0,-0.2,-0.2,-0.2,0,0,0,0,0,0,0,3.448506538,0.027781448,31.45338279,29.7534069,33.25048766,income,0.847754055
1.4,0.45,-0.670618043,-0.8047999,-0.2,-0.2989265,0,0,0,0,0,0,0,0,0,0,0,0,0,0,0,-0.15,-0.15,-0.15,0,0,0,0,0,0,0,3.450724918,0.027808014,31.5232358,29.81790017,33.32610242,income,3.501287149
1.4,0.45,-0.670618043,-0.8047999,-0.2,-0.2989265,0,0,0,0,0,0,0,0,0,0,0,0,0,0,0,-0.1,-0.1,-0.1,0,0,0,0,0,0,0,3.452719186,0.027880773,31.5861643,29.87307699,33.3974895,income,6.154820243
1.4,0.45,-0.670618043,-0.8047999,-0.2,-0.2989265,0,0,0,0,0,0,0,0,0,0,0,0,0,0,0,-0.05,-0.05,-0.05,0,0,0,0,0,0,0,3.454489341,0.027991221,31.64212623,29.91939404,33.46405182,income,8.808353338
1.4,0.45,-0.670618043,-0.8047999,-0.2,-0.2989265,0,0,0,0,0,0,0,0,0,0,0,0,0,0,0,0,0,0,0,0,0,0,0,0,0,3.456035384,0.028132009,31.69108415,29.95725004,33.52526728,income,11.46188643
1.4,0.45,-0.670618043,-0.8047999,-0.2,-0.2989265,0,0,0,0,0,0,0,0,0,0,0,0,0,0,0,0.05,0.05,0.05,0,0,0,0,0,0,0,3.457357315,0.028297014,31.73300527,29.98697998,33.58069483,income,14.11541953
1.4,0.45,-0.670618043,-0.8047999,-0.2,-0.2989265,0,0,0,0,0,0,0,0,0,0,0,0,0,0,0,0.1,0.1,0.1,0,0,0,0,0,0,0,3.458455133,0.028481367,31.76786147,30.00885185,33.62997784,income,16.76895262
1.4,0.45,-0.670618043,-0.8047999,-0.2,-0.2989265,0,0,0,0,0,0,0,0,0,0,0,0,0,0,0,0.15,0.15,0.15,0,0,0,0,0,0,0,3.459328839,0.028681453,31.79562937,30.02306541,33.67284563,income,19.42248571
1.4,0.45,-0.670618043,-0.8047999,-0.2,-0.2989265,0,0,0,0,0,0,0,0,0,0,0,0,0,0,0,0.2,0.2,0.2,0,0,0,0,0,0,0,3.459978433,0.028894897,31.81629032,30.02975247,33.70911334,income,22.07601881
1.4,0.45,-0.670618043,-0.8047999,-0.2,-0.2989265,0,0,0,0,0,0,0,0,0,0,0,0,0,0,0,0.25,0.25,0.25,0,0,0,0,0,0,0,3.460403914,0.029120531,31.82983043,30.0289781,33.73868075,income,24.7295519
1.4,0.45,-0.670618043,-0.8047999,-0.2,-0.2989265,0,0,0,0,0,0,0,0,0,0,0,0,0,0,0,0.3,0.3,0.3,0,0,0,0,0,0,0,3.460605283,0.029358358,31.83624062,30.02074274,33.76153033,income,27.383085
1.4,0.45,-0.670618043,-0.8047999,-0.2,-0.2989265,0,0,0,0,0,0,0,0,0,0,0,0,0,0,0,0.35,0.35,0.35,0,0,0,0,0,0,0,3.460582539,0.029609504,31.83551656,30.00498489,33.77772455,income,30.03661809
1.4,0.45,-0.670618043,-0.8047999,-0.2,-0.2989265,0,0,0,0,0,0,0,0,0,0,0,0,0,0,0,0.4,0.4,0.4,0,0,0,0,0,0,0,3.460335684,0.029876173,31.82765874,29.98158431,33.78740265,income,32.69015119
1.4,0.45,-0.670618043,-0.8047999,-0.2,-0.2989265,0,0,0,0,0,0,0,0,0,0,0,0,0,0,0,0.45,0.45,0.45,0,0,0,0,0,0,0,3.459864715,0.030161587,31.81267246,29.95036591,33.79077678,income,35.34368428
1.4,0.45,-0.670618043,-0.8047999,-0.2,-0.2989265,0,0,0,0,0,0,0,0,0,0,0,0,0,0,0,0.5,0.5,0.5,0,0,0,0,0,0,0,3.459169635,0.030469923,31.79056777,29.91110418,33.78812742,income,37.99721738
1.4,0.45,-0.670618043,-0.8047999,-0.2,-0.2989265,0,0,0,0,0,0,0,0,0,0,0,0,0,0,0,0.55,0.55,0.55,0,0,0,0,0,0,0,3.458250442,0.030806244,31.76135954,29.86352855,33.77979792,income,40.65075047
1.4,0.45,-0.670618043,-0.8047999,-0.2,-0.2989265,0,0,0,0,0,0,0,0,0,0,0,0,0,0,0,0.6,0.6,0.6,0,0,0,0,0,0,0,3.457107137,0.031176407,31.72506736,29.80732958,33.76618815,income,43.30428356
1.4,0.45,-0.670618043,-0.8047999,-0.2,-0.2989265,0,0,0,0,0,0,0,0,0,0,0,0,0,0,0,0.65,0.65,0.65,0,0,0,0,0,0,0,3.455739719,0.03158697,31.68171559,29.74216631,33.74774697,income,45.95781666
1.4,0.45,-0.670618043,-0.8047999,-0.2,-0.2989265,0,0,0,0,0,0,0,0,0,0,0,0,0,0,0,0.7,0.7,0.7,0,0,0,0,0,0,0,3.454148189,0.032045066,31.63133329,29.66767462,33.72496358,income,48.61134975
1.4,0.45,-0.670618043,-0.8047999,-0.2,-0.2989265,0,0,0,0,0,0,0,0,0,0,0,0,0,0,0,0.75,0.75,0.75,0,0,0,0,0,0,0,3.452332547,0.03255828,31.57395421,29.58347675,33.69835781,income,51.26488285
1.4,0.45,-0.670618043,-0.8047999,-0.2,-0.2989265,0,0,0,0,0,0,0,0,0,0,0,0,0,0,0,0.8,0.8,0.8,0,0,0,0,0,0,0,3.450292792,0.033134489,31.50961673,29.48919174,33.66846929,income,53.91841594
1.4,0.45,-0.670618043,-0.8047999,-0.2,-0.2989265,0,0,0,0,0,0,0,0,0,0,0,0,0,0,0,0.85,0.85,0.85,0,0,0,0,0,0,0,3.448028925,0.03378171,31.43836384,29.38444652,33.63584609,income,56.57194904
1.4,0.45,-0.670618043,-0.8047999,-0.2,-0.2989265,0,0,0,0,0,0,0,0,0,0,0,0,0,0,0,0.9,0.9,0.9,0,0,0,0,0,0,0,3.445540946,0.03450793,31.36024306,29.2688873,33.60103288,income,59.22548213
1.4,0.45,-0.670618043,-0.8047999,-0.2,-0.2989265,0,0,0,0,0,0,0,0,0,0,0,0,0,0,0,0.95,0.95,0.95,0,0,0,0,0,0,0,3.442828854,0.035320938,31.27530643,29.14219076,33.56455939,income,61.87901522
1.4,0.45,-0.670618043,-0.8047999,-0.2,-0.2989265,0,0,0,0,0,0,0,0,0,0,0,0,0,0,0,1,1,1,0,0,0,0,0,0,0,3.43989265,0.036228166,31.18361044,29.00407443,33.52692955,income,64.53254832
1.4,0.45,-0.670618043,-0.8047999,-0.2,-0.2989265,0,0,0,0,0,0,0,0,0,0,0,0,0,0,0,1.05,1.05,1.05,0,0,0,0,0,0,0,3.436732334,0.037236552,31.08521592,28.85430579,33.48861193,income,67.18608141
1.4,0.45,-0.670618043,-0.8047999,-0.2,-0.2989265,0,0,0,0,0,0,0,0,0,0,0,0,0,0,0,1.1,1.1,1.1,0,0,0,0,0,0,0,3.433347905,0.038352418,30.98018806,28.69270958,33.45003194,income,69.83961451
1.4,0.45,-0.670618043,-0.8047999,-0.2,-0.2989265,0,0,0,0,0,0,0,0,0,0,0,0,0,0,0,1.15,1.15,1.15,0,0,0,0,0,0,0,3.429739364,0.039581384,30.86859624,28.51917295,33.41156615,income,72.4931476
1.4,0.45,-0.670618043,-0.8047999,-0.2,-0.2989265,0,0,0,0,0,0,0,0,0,0,0,0,0,0,0,1.2,1.2,1.2,0,0,0,0,0,0,0,3.425906711,0.040928312,30.75051403,28.33364837,33.37353881,income,75.1466807
1.4,0.45,-0.670618043,-0.8047999,-0.2,-0.2989265,0,0,0,0,0,0,0,0,0,0,0,0,0,0,0,1.25,1.25,1.25,0,0,0,0,0,0,0,3.421849945,0.042397285,30.62601909,28.13615416,33.33622073,income,77.80021379
1.4,0.45,-0.670618043,-0.8047999,-0.2,-0.2989265,0,0,0,0,0,0,0,0,0,0,0,0,0,0,0,1.3,1.3,1.3,0,0,0,0,0,0,0,3.417569067,0.043991615,30.49519306,27.92677305,33.29983017,income,80.45374688
1.4,0.45,-0.670618043,-0.8047999,-0.2,-0.2989265,0,0,0,0,0,0,0,0,0,0,0,0,0,0,0,1.35,1.35,1.35,0,0,0,0,0,0,0,3.413064076,0.045713876,30.35812149,27.7056489,33.26453547,income,83.10727998
1.4,0.45,-0.670618043,-0.8047999,-0.2,-0.2989265,0,0,0,0,0,0,0,0,0,0,0,0,0,0,0,1.4,1.4,1.4,0,0,0,0,0,0,0,3.408334973,0.047565961,30.21489375,27.47298204,33.23045903,income,85.76081307
1.4,0.45,-0.670618043,-0.8047999,-0.2,-0.2989265,0,0,0,0,0,0,0,0,0,0,0,0,0,0,0,1.45,1.45,1.45,0,0,0,0,0,0,0,3.403381758,0.049549151,30.06560292,27.2290238,33.19768221,income,88.41434617
1.4,0.45,-0.670618043,-0.8047999,-0.2,-0.2989265,0,0,0,0,0,0,0,0,0,0,0,0,0,0,0,1.5,1.5,1.5,0,0,0,0,0,0,0,3.398204431,0.051664192,29.9103457,26.97407035,33.16625071,income,91.06787926
1.4,0.45,-0.670618043,-0.8047999,-0.2,-0.2989265,0,0,0,0,0,0,0,0,0,0,0,0,0,0,0,1.55,1.55,1.55,0,0,0,0,0,0,0,3.392802991,0.053911374,29.74922231,26.70845663,33.13618005,income,93.72141236
1.4,0.45,-0.670618043,-0.8047999,-0.2,-0.2989265,0,0,0,0,0,0,0,0,0,0,0,0,0,0,0,1.6,1.6,1.6,0,0,0,0,0,0,0,3.387177438,0.056290613,29.58233635,26.43255018,33.107461,income,96.37494545
1.4,0.45,-0.670618043,-0.8047999,-0.2,-0.2989265,0,0,0,0,0,0,0,0,0,0,0,0,0,0,0,1.65,1.65,1.65,0,0,0,0,0,0,0,3.381327774,0.058801522,29.40979476,26.14674553,33.08006446,income,99.02847854
1.4,0.45,-0.670618043,-0.8047999,-0.2,-0.2989265,0,0,0,0,0,0,0,0,0,0,0,0,0,0,0,1.7,1.7,1.7,0,0,0,0,0,0,0,3.375253997,0.061443479,29.2317076,25.85145895,33.05394605,income,101.6820116
1.4,0.45,-0.670618043,-0.8047999,-0.2,-0.2989265,0,0,0,0,0,0,0,0,0,0,0,0,0,0,0,1.75,1.75,1.75,0,0,0,0,0,0,0,3.368956108,0.064215685,29.04818804,25.54712379,33.02904998,income,104.3355447
1.4,0.45,-0.670618043,-0.8047999,-0.2,-0.2989265,0,0,0,0,0,0,0,0,0,0,0,0,0,0,0,1.8,1.8,1.8,0,0,0,0,0,0,0,3.362434106,0.067117213,28.85935217,25.23418645,33.00531243,income,106.9890778
1.4,0.45,-0.670618043,-0.8047999,-0.2,-0.2989265,0,0,0,0,0,0,0,0,0,0,0,0,0,0,0,1.85,1.85,1.85,0,0,0,0,0,0,0,3.355687992,0.070147054,28.66531891,24.91310285,32.98266432,income,109.6426109
1.4,0.45,-0.670618043,-0.8047999,-0.2,-0.2989265,0,0,0,0,0,0,0,0,0,0,0,0,0,0,0,1.9,1.9,1.9,0,0,0,0,0,0,0,3.348717766,0.073304149,28.46620988,24.58433541,32.96103357,income,112.296144
1.4,0.45,-0.670618043,-0.8047999,-0.2,-0.2989265,0,0,0,0,0,0,0,0,0,0,0,0,0,0,0,1.95,1.95,1.95,0,0,0,0,0,0,0,3.341523427,0.076587415,28.26214924,24.24835056,32.94034692,income,114.9496771
1.4,0.45,-0.670618043,-0.8047999,-0.2,-0.2989265,0,0,0,0,0,0,0,0,0,0,0,0,0,0,0,2,2,2,0,0,0,0,0,0,0,3.334104976,0.07999577,28.05326363,23.90561662,32.92053131,income,117.6032102
1.4,0.45,-0.670618043,-0.8047999,-0.2,-0.2989265,0,0,0,0,0,0,0,0,0,0,0,0,0,0,0,2.05,2.05,2.05,0,0,0,0,0,0,0,3.326462412,0.083528146,27.83968198,23.55660198,32.90151498,income,120.2567433
1.4,0.45,-0.670618043,-0.8047999,-0.2,-0.2989265,0,0,0,0,0,0,0,0,0,0,0,0,0,0,0,2.1,2.1,2.1,0,0,0,0,0,0,0,3.318595737,0.087183505,27.6215354,23.20177366,32.88322819,income,122.9102764
1.4,0.45,-0.670618043,-0.8047999,-0.2,-0.2989265,0,0,0,0,0,0,0,0,0,0,0,0,0,0,0,2.15,2.15,2.15,0,0,0,0,0,0,0,3.310504948,0.090960843,27.39895704,22.84159605,32.86560384,income,125.5638095
1.4,0.45,-0.670618043,-0.8047999,-0.2,-0.2989265,0,0,0,0,0,0,0,0,0,0,0,0,0,0,0,2.2,2.2,2.2,0,0,0,0,0,0,0,3.302190048,0.094859201,27.17208197,22.47652983,32.84857779,income,128.2173426
1.4,0.45,-0.670618043,-0.8047999,-0.2,-0.2989265,0,0,0,0,0,0,0,0,0,0,0,0,0,0,0,2.25,2.25,2.25,0,0,0,0,0,0,0,3.293651035,0.098877664,26.94104702,22.1070311,32.83208909,income,130.8708757
1.4,0.45,-0.670618043,-0.8047999,-0.2,-0.2989265,0,0,0,0,0,0,0,0,0,0,0,0,0,0,0,2.3,2.3,2.3,0,0,0,0,0,0,0,3.28488791,0.103015366,26.70599067,21.73355061,32.8160801,income,133.5244088
1.4,0.45,-0.670618043,-0.8047999,-0.2,-0.2989265,0,0,0,0,0,0,0,0,0,0,0,0,0,0,0,2.35,2.35,2.35,0,0,0,0,0,0,0,3.275900672,0.10727149,26.46705289,21.35653308,32.80049652,income,136.1779419
1.4,0.45,-0.670618043,-0.8047999,-0.2,-0.2989265,0,0,0,0,0,0,0,0,0,0,0,0,0,0,0,2.4,2.4,2.4,0,0,0,0,0,0,0,3.266689323,0.111645268,26.22437502,20.97641659,32.78528734,income,138.831475
1.4,0.45,-0.670618043,-0.8047999,-0.2,-0.2989265,0,0,0,0,0,0,0,0,0,0,0,0,0,0,0,2.45,2.45,2.45,0,0,0,0,0,0,0,3.25725386,0.116135977,25.97809961,20.59363209,32.77040476,income,141.4850081
1.4,0.45,-0.670618043,-0.8047999,-0.2,-0.2989265,0,0,0,0,0,0,0,0,0,0,0,0,0,0,0,2.5,2.5,2.5,0,0,0,0,0,0,0,3.247594286,0.120742942,25.7283703,20.20860292,32.75580409,income,144.1385411
1.4,0.45,-0.670618043,-0.8047999,-0.2,-0.2989265,0,0,0,0,0,0,0,0,0,0,0,0,0,0,0,2.55,2.55,2.55,0,0,0,0,0,0,0,3.237710599,0.125465532,25.47533168,19.82174435,32.74144358,income,146.7920742
1.4,0.45,-0.670618043,-0.8047999,-0.2,-0.2989265,0,0,0,0,0,0,0,0,0,0,0,0,0,0,0,2.6,2.6,2.6,0,0,0,0,0,0,0,3.227602799,0.130303156,25.21912914,19.43346319,32.7272843,income,149.4456073
1.4,0.45,-0.670618043,-0.8047999,-0.2,-0.2989265,0,0,0,0,0,0,0,0,0,0,0,0,0,0,0,2.953022,2.953022,2.953022,0,0,0,0,0,0,0,3.149860144,0.167689467,23.33280112,16.68451777,32.63022734,income,168.1807185
1.4,0.45,-0.670618043,-0.8047999,-0.2,-0.2989265,0,0,0,0,0,0,0,0,0,0,-0.788433,-0.788433,-0.788433,0,0,0,0,0,0,0,0,0,0,0,0,3.427285068,0.033074591,30.79292845,28.82191067,32.89873641,minority,0.028104071
1.4,0.45,-0.670618043,-0.8047999,-0.2,-0.2989265,0,0,0,0,0,0,0,0,0,0,-0.75,-0.75,-0.75,0,0,0,0,0,0,0,0,0,0,0,0,3.428498333,0.032296661,30.83031112,28.90183281,32.88746739,minority,0.046504223
1.4,0.45,-0.670618043,-0.8047999,-0.2,-0.2989265,0,0,0,0,0,0,0,0,0,0,-0.7,-0.7,-0.7,0,0,0,0,0,0,0,0,0,0,0,0,3.430105619,0.031391357,30.87990409,29.00078522,32.88078132,minority,0.070442183
1.4,0.45,-0.670618043,-0.8047999,-0.2,-0.2989265,0,0,0,0,0,0,0,0,0,0,-0.65,-0.65,-0.65,0,0,0,0,0,0,0,0,0,0,0,0,3.431745551,0.03060351,30.93058656,29.09419096,32.88289357,minority,0.094380143
1.4,0.45,-0.670618043,-0.8047999,-0.2,-0.2989265,0,0,0,0,0,0,0,0,0,0,-0.6,-0.6,-0.6,0,0,0,0,0,0,0,0,0,0,0,0,3.433418127,0.029928632,30.98236362,29.1822563,32.89351055,minority,0.118318102
1.4,0.45,-0.670618043,-0.8047999,-0.2,-0.2989265,0,0,0,0,0,0,0,0,0,0,-0.55,-0.55,-0.55,0,0,0,0,0,0,0,0,0,0,0,0,3.435123349,0.029361262,31.0352405,29.26525057,32.91228109,minority,0.142256062
1.4,0.45,-0.670618043,-0.8047999,-0.2,-0.2989265,0,0,0,0,0,0,0,0,0,0,-0.5,-0.5,-0.5,0,0,0,0,0,0,0,0,0,0,0,0,3.436861217,0.028895063,31.08922252,29.34350096,32.93880162,minority,0.166194022
1.4,0.45,-0.670618043,-0.8047999,-0.2,-0.2989265,0,0,0,0,0,0,0,0,0,0,-0.45,-0.45,-0.45,0,0,0,0,0,0,0,0,0,0,0,0,3.438631729,0.028522964,31.14431514,29.41738427,32.97262451,minority,0.190131982
1.4,0.45,-0.670618043,-0.8047999,-0.2,-0.2989265,0,0,0,0,0,0,0,0,0,0,-0.4,-0.4,-0.4,0,0,0,0,0,0,0,0,0,0,0,0,3.440434887,0.028237341,31.20052393,29.48731604,33.0132689,minority,0.214069942
1.4,0.45,-0.670618043,-0.8047999,-0.2,-0.2989265,0,0,0,0,0,0,0,0,0,0,-0.35,-0.35,-0.35,0,0,0,0,0,0,0,0,0,0,0,0,3.442270691,0.028030228,31.25785456,29.55373803,33.06023322,minority,0.238007902
1.4,0.45,-0.670618043,-0.8047999,-0.2,-0.2989265,0,0,0,0,0,0,0,0,0,0,-0.3,-0.3,-0.3,0,0,0,0,0,0,0,0,0,0,0,0,3.444139139,0.027893536,31.31631286,29.61710506,33.11300848,minority,0.261945862
1.4,0.45,-0.670618043,-0.8047999,-0.2,-0.2989265,0,0,0,0,0,0,0,0,0,0,-0.25,-0.25,-0.25,0,0,0,0,0,0,0,0,0,0,0,0,3.446040233,0.027819259,31.37590474,29.67787194,33.17109126,minority,0.285883821
1.4,0.45,-0.670618043,-0.8047999,-0.2,-0.2989265,0,0,0,0,0,0,0,0,0,0,-0.2,-0.2,-0.2,0,0,0,0,0,0,0,0,0,0,0,0,3.447973973,0.027799673,31.43663627,29.73648152,33.23399573,minority,0.309821781
1.4,0.45,-0.670618043,-0.8047999,-0.2,-0.2989265,0,0,0,0,0,0,0,0,0,0,-0.15,-0.15,-0.15,0,0,0,0,0,0,0,0,0,0,0,0,3.449940358,0.027827502,31.49851361,29.79335417,33.30126423,minority,0.333759741
1.4,0.45,-0.670618043,-0.8047999,-0.2,-0.2989265,0,0,0,0,0,0,0,0,0,0,-0.1,-0.1,-0.1,0,0,0,0,0,0,0,0,0,0,0,0,3.451939388,0.027896048,31.56154307,29.84887923,33.37247583,minority,0.357697701
1.4,0.45,-0.670618043,-0.8047999,-0.2,-0.2989265,0,0,0,0,0,0,0,0,0,0,-0.05,-0.05,-0.05,0,0,0,0,0,0,0,0,0,0,0,0,3.453971063,0.027999301,31.62573106,29.90340823,33.44725316,minority,0.381635661
1.4,0.45,-0.670618043,-0.8047999,-0.2,-0.2989265,0,0,0,0,0,0,0,0,0,0,0,0,0,0,0,0,0,0,0,0,0,0,0,0,0,3.456035384,0.028132009,31.69108415,29.95725004,33.52526728,minority,0.405573621
1.4,0.45,-0.670618043,-0.8047999,-0.2,-0.2989265,0,0,0,0,0,0,0,0,0,0,0.05,0.05,0.05,0,0,0,0,0,0,0,0,0,0,0,0,3.458132351,0.028289723,31.75760901,30.01066757,33.60624111,minority,0.42951158
1.4,0.45,-0.670618043,-0.8047999,-0.2,-0.2989265,0,0,0,0,0,0,0,0,0,0,0.1,0.1,0.1,0,0,0,0,0,0,0,0,0,0,0,0,3.460261962,0.028468825,31.82531245,30.06387581,33.68995132,minority,0.45344954
1.4,0.45,-0.670618043,-0.8047999,-0.2,-0.2989265,0,0,0,0,0,0,0,0,0,0,0.15,0.15,0.15,0,0,0,0,0,0,0,0,0,0,0,0,3.462424219,0.028666532,31.8942014,30.11704094,33.77622939,minority,0.4773875
1.4,0.45,-0.670618043,-0.8047999,-0.2,-0.2989265,0,0,0,0,0,0,0,0,0,0,0.2,0.2,0.2,0,0,0,0,0,0,0,0,0,0,0,0,3.464619121,0.028880889,31.96428294,30.17028027,33.86496165,minority,0.50132546
1.4,0.45,-0.670618043,-0.8047999,-0.2,-0.2989265,0,0,0,0,0,0,0,0,0,0,0.25,0.25,0.25,0,0,0,0,0,0,0,0,0,0,0,0,3.466846669,0.029110758,32.03556427,30.22366275,33.95608886,minority,0.52526342
1.4,0.45,-0.670618043,-0.8047999,-0.2,-0.2989265,0,0,0,0,0,0,0,0,0,0,0.3,0.3,0.3,0,0,0,0,0,0,0,0,0,0,0,0,3.469106862,0.029355789,32.10805272,30.27720997,34.0496053,minority,0.54920138
1.4,0.45,-0.670618043,-0.8047999,-0.2,-0.2989265,0,0,0,0,0,0,0,0,0,0,0.35,0.35,0.35,0,0,0,0,0,0,0,0,0,0,0,0,3.4713997,0.029616395,32.18175575,30.33089747,34.14555749,minority,0.57313934
1.4,0.45,-0.670618043,-0.8047999,-0.2,-0.2989265,0,0,0,0,0,0,0,0,0,0,0.4,0.4,0.4,0,0,0,0,0,0,0,0,0,0,0,0,3.473725184,0.029893714,32.25668099,30.38465636,34.24404265,minority,0.597077299
1.4,0.45,-0.670618043,-0.8047999,-0.2,-0.2989265,0,0,0,0,0,0,0,0,0,0,0.45,0.45,0.45,0,0,0,0,0,0,0,0,0,0,0,0,3.476083313,0.030189579,32.33283616,30.43837524,34.34520687,minority,0.621015259
1.4,0.45,-0.670618043,-0.8047999,-0.2,-0.2989265,0,0,0,0,0,0,0,0,0,0,0.5,0.5,0.5,0,0,0,0,0,0,0,0,0,0,0,0,3.478474088,0.030506468,32.41022916,30.49190236,34.449243,minority,0.644953219
1.4,0.45,-0.670618043,-0.8047999,-0.2,-0.2989265,0,0,0,0,0,0,0,0,0,0,0.55,0.55,0.55,0,0,0,0,0,0,0,0,0,0,0,0,3.480897508,0.030847461,32.488868,30.54504823,34.55638819,minority,0.668891179
1.4,0.45,-0.670618043,-0.8047999,-0.2,-0.2989265,0,0,0,0,0,0,0,0,0,0,0.6,0.6,0.6,0,0,0,0,0,0,0,0,0,0,0,0,3.483353573,0.031216187,32.56876085,30.59758849,34.666921,minority,0.692829139
1.4,0.45,-0.670618043,-0.8047999,-0.2,-0.2989265,0,0,0,0,0,0,0,0,0,0,0.65,0.65,0.65,0,0,0,0,0,0,0,0,0,0,0,0,3.485842283,0.031616762,32.64991601,30.64926737,34.78115814,minority,0.716767099
1.4,0.45,-0.670618043,-0.8047999,-0.2,-0.2989265,0,0,0,0,0,0,0,0,0,0,0.7,0.7,0.7,0,0,0,0,0,0,0,0,0,0,0,0,3.488363639,0.032053724,32.73234193,30.69980156,34.89945062,minority,0.740705059
1.4,0.45,-0.670618043,-0.8047999,-0.2,-0.2989265,0,0,0,0,0,0,0,0,0,0,0.75,0.75,0.75,0,0,0,0,0,0,0,0,0,0,0,0,3.49091764,0.03253196,32.81604722,30.74888461,35.02217946,minority,0.764643018
1.4,0.45,-0.670618043,-0.8047999,-0.2,-0.2989265,0,0,0,0,0,0,0,0,0,0,0.8,0.8,0.8,0,0,0,0,0,0,0,0,0,0,0,0,3.493504287,0.033056622,32.90104061,30.79619192,35.14975086,minority,0.788580978
1.4,0.45,-0.670618043,-0.8047999,-0.2,-0.2989265,0,0,0,0,0,0,0,0,0,0,0.85,0.85,0.85,0,0,0,0,0,0,0,0,0,0,0,0,3.496123579,0.033633045,32.987331,30.841386,35.28259095,minority,0.812518938
1.4,0.45,-0.670618043,-0.8047999,-0.2,-0.2989265,0,0,0,0,0,0,0,0,0,0,0.9,0.9,0.9,0,0,0,0,0,0,0,0,0,0,0,0,3.498775516,0.034266653,33.07492743,30.88412229,35.42114017,minority,0.836456898
1.4,0.45,-0.670618043,-0.8047999,-0.2,-0.2989265,0,0,0,0,0,0,0,0,0,0,0.95,0.95,0.95,0,0,0,0,0,0,0,0,0,0,0,0,3.501460099,0.034962869,33.1638391,30.92405499,35.56584751,minority,0.860394858
1.4,0.45,-0.670618043,-0.8047999,-0.2,-0.2989265,0,0,0,0,0,0,0,0,0,0,1,1,1,0,0,0,0,0,0,0,0,0,0,0,0,3.504177327,0.035727025,33.25407535,30.96084299,35.71716468,minority,0.884332818
1.4,0.45,-0.670618043,-0.8047999,-0.2,-0.2989265,0,0,0,0,0,0,0,0,0,0,1.05,1.05,1.05,0,0,0,0,0,0,0,0,0,0,0,0,3.5069272,0.036564271,33.3456457,30.9941556,35.87554058,minority,0.908270777
1.4,0.45,-0.670618043,-0.8047999,-0.2,-0.2989265,0,0,0,0,0,0,0,0,0,0,1.1,1.1,1.1,0,0,0,0,0,0,0,0,0,0,0,0,3.509709719,0.037479503,33.43855979,31.02367781,36.04141609,minority,0.932208737
1.4,0.45,-0.670618043,-0.8047999,-0.2,-0.2989265,0,0,0,0,0,0,0,0,0,0,1.15,1.15,1.15,0,0,0,0,0,0,0,0,0,0,0,0,3.512524883,0.038477289,33.53282745,31.04911497,36.21521959,minority,0.956146697
1.4,0.45,-0.670618043,-0.8047999,-0.2,-0.2989265,0,0,0,0,0,0,0,0,0,0,1.2,1.2,1.2,0,0,0,0,0,0,0,0,0,0,0,0,3.515372692,0.03956182,33.62845865,31.07019666,36.39736316,minority,0.980084657
1.4,0.45,-0.670618043,-0.8047999,-0.2,-0.2989265,0,0,0,0,0,0,0,0,0,0,1.230924613,1.230924613,1.230924613,0,0,0,0,0,0,0,0,0,0,0,0,3.51715038,0.040277675,33.68829271,31.08094811,36.51436442,minority,0.9948901
1.4,0.45,-0.670618043,-0.8047999,-0.2,-0.2989265,-0.4246617,-0.4246617,-0.4246617,0,0,0,0,0,0,0,0,0,0,0,0,0,0,0,0,0,0,0,0,0,0,3.353843086,0.029739385,28.61248285,26.96027039,30.36594822,natdiv,0.999999975
1.4,0.45,-0.670618043,-0.8047999,-0.2,-0.2989265,-0.4,-0.4,-0.4,0,0,0,0,0,0,0,0,0,0,0,0,0,0,0,0,0,0,0,0,0,0,3.360611813,0.029482045,28.80680988,27.15734986,30.5564534,natdiv,1.050030499
1.4,0.45,-0.670618043,-0.8047999,-0.2,-0.2989265,-0.35,-0.35,-0.35,0,0,0,0,0,0,0,0,0,0,0,0,0,0,0,0,0,0,0,0,0,0,3.374019346,0.029039867,29.19563893,27.54826651,30.94152339,natdiv,1.151464148
1.4,0.45,-0.670618043,-0.8047999,-0.2,-0.2989265,-0.3,-0.3,-0.3,0,0,0,0,0,0,0,0,0,0,0,0,0,0,0,0,0,0,0,0,0,0,3.38700414,0.02869629,29.57721024,27.92749145,31.32438038,natdiv,1.252897797
1.4,0.45,-0.670618043,-0.8047999,-0.2,-0.2989265,-0.25,-0.25,-0.25,0,0,0,0,0,0,0,0,0,0,0,0,0,0,0,0,0,0,0,0,0,0,3.399566195,0.028441209,29.9511043,28.29496226,31.70418254,natdiv,1.354331445
1.4,0.45,-0.670618043,-0.8047999,-0.2,-0.2989265,-0.2,-0.2,-0.2,0,0,0,0,0,0,0,0,0,0,0,0,0,0,0,0,0,0,0,0,0,0,3.411705511,0.028264188,30.31690601,28.65067876,32.08003544,natdiv,1.455765094
1.4,0.45,-0.670618043,-0.8047999,-0.2,-0.2989265,-0.15,-0.15,-0.15,0,0,0,0,0,0,0,0,0,0,0,0,0,0,0,0,0,0,0,0,0,0,3.423422088,0.028154752,30.67420545,28.99468636,32.45101079,natdiv,1.557198743
1.4,0.45,-0.670618043,-0.8047999,-0.2,-0.2989265,-0.1,-0.1,-0.1,0,0,0,0,0,0,0,0,0,0,0,0,0,0,0,0,0,0,0,0,0,0,3.434715926,0.028102655,31.02259859,29.3270593,32.81616522,natdiv,1.658632392
1.4,0.45,-0.670618043,-0.8047999,-0.2,-0.2989265,-0.05,-0.05,-0.05,0,0,0,0,0,0,0,0,0,0,0,0,0,0,0,0,0,0,0,0,0,0,3.445587025,0.028098117,31.36168813,29.64788497,33.17455808,natdiv,1.76006604
1.4,0.45,-0.670618043,-0.8047999,-0.2,-0.2989265,0,0,0,0,0,0,0,0,0,0,0,0,0,0,0,0,0,0,0,0,0,0,0,0,0,3.456035384,0.028132009,31.69108415,29.95725004,33.52526728,natdiv,1.861499689
1.4,0.45,-0.670618043,-0.8047999,-0.2,-0.2989265,0.05,0.05,0.05,0,0,0,0,0,0,0,0,0,0,0,0,0,0,0,0,0,0,0,0,0,0,3.466061005,0.028195991,32.01040496,30.2552288,33.86740298,natdiv,1.962933338
1.4,0.45,-0.670618043,-0.8047999,-0.2,-0.2989265,0.1,0.1,0.1,0,0,0,0,0,0,0,0,0,0,0,0,0,0,0,0,0,0,0,0,0,0,3.475663887,0.028282617,32.31927776,30.54187379,34.20011888,natdiv,2.064366987
1.4,0.45,-0.670618043,-0.8047999,-0.2,-0.2989265,0.15,0.15,0.15,0,0,0,0,0,0,0,0,0,0,0,0,0,0,0,0,0,0,0,0,0,0,3.484844029,0.028385386,32.61733937,30.81720868,34.52262139,natdiv,2.165800635
1.4,0.45,-0.670618043,-0.8047999,-0.2,-0.2989265,0.2,0.2,0.2,0,0,0,0,0,0,0,0,0,0,0,0,0,0,0,0,0,0,0,0,0,0,3.493601433,0.028498781,32.90423698,31.08122288,34.83417674,natdiv,2.267234284
1.4,0.45,-0.670618043,-0.8047999,-0.2,-0.2989265,0.25,0.25,0.25,0,0,0,0,0,0,0,0,0,0,0,0,0,0,0,0,0,0,0,0,0,0,3.501936098,0.028618273,33.17962882,31.33386781,35.1341167,natdiv,2.368667933
1.4,0.45,-0.670618043,-0.8047999,-0.2,-0.2989265,0.3,0.3,0.3,0,0,0,0,0,0,0,0,0,0,0,0,0,0,0,0,0,0,0,0,0,0,3.509848023,0.028740318,33.44318481,31.57505428,35.42184284,natdiv,2.470101582
1.4,0.45,-0.670618043,-0.8047999,-0.2,-0.2989265,0.35,0.35,0.35,0,0,0,0,0,0,0,0,0,0,0,0,0,0,0,0,0,0,0,0,0,0,3.51733721,0.028862341,33.69458729,31.80465073,35.69683007,natdiv,2.57153523
1.4,0.45,-0.670618043,-0.8047999,-0.2,-0.2989265,0.4,0.4,0.4,0,0,0,0,0,0,0,0,0,0,0,0,0,0,0,0,0,0,0,0,0,0,3.524403657,0.028982717,33.93353157,32.02248213,35.95862932,natdiv,2.672968879
1.4,0.45,-0.670618043,-0.8047999,-0.2,-0.2989265,0.45,0.45,0.45,0,0,0,0,0,0,0,0,0,0,0,0,0,0,0,0,0,0,0,0,0,0,3.531047366,0.029100755,34.15972662,32.22832925,36.20686984,natdiv,2.774402528
1.4,0.45,-0.670618043,-0.8047999,-0.2,-0.2989265,0.5,0.5,0.5,0,0,0,0,0,0,0,0,0,0,0,0,0,0,0,0,0,0,0,0,0,0,3.537268335,0.029216671,34.37289561,32.42192832,36.44126102,natdiv,2.875836177
1.4,0.45,-0.670618043,-0.8047999,-0.2,-0.2989265,0.55,0.55,0.55,0,0,0,0,0,0,0,0,0,0,0,0,0,0,0,0,0,0,0,0,0,0,3.543066566,0.029331576,34.57277649,32.60297081,36.66159386,natdiv,2.977269826
1.4,0.45,-0.670618043,-0.8047999,-0.2,-0.2989265,0.6,0.6,0.6,0,0,0,0,0,0,0,0,0,0,0,0,0,0,0,0,0,0,0,0,0,0,3.548442057,0.029447458,34.75912256,32.77110368,36.86774217,natdiv,3.078703474
1.4,0.45,-0.670618043,-0.8047999,-0.2,-0.2989265,0.65,0.65,0.65,0,0,0,0,0,0,0,0,0,0,0,0,0,0,0,0,0,0,0,0,0,0,3.55339481,0.02956716,34.93170291,32.92592986,37.05966311,natdiv,3.180137123
1.4,0.45,-0.670618043,-0.8047999,-0.2,-0.2989265,0.7,0.7,0.7,0,0,0,0,0,0,0,0,0,0,0,0,0,0,0,0,0,0,0,0,0,0,3.557924823,0.029694368,35.09030295,33.06700927,37.23739728,natdiv,3.281570772
1.4,0.45,-0.670618043,-0.8047999,-0.2,-0.2989265,0.75,0.75,0.75,0,0,0,0,0,0,0,0,0,0,0,0,0,0,0,0,0,0,0,0,0,0,3.562032097,0.02983358,35.23472484,33.19386059,37.40106791,natdiv,3.383004421
1.4,0.45,-0.670618043,-0.8047999,-0.2,-0.2989265,0.8,0.8,0.8,0,0,0,0,0,0,0,0,0,0,0,0,0,0,0,0,0,0,0,0,0,0,3.565716633,0.029990077,35.36478789,33.30596394,37.55087902,natdiv,3.484438069
1.4,0.45,-0.670618043,-0.8047999,-0.2,-0.2989265,0.85,0.85,0.85,0,0,0,0,0,0,0,0,0,0,0,0,0,0,0,0,0,0,0,0,0,0,3.568978429,0.030169878,35.48032895,33.40276472,37.68711223,natdiv,3.585871718
1.4,0.45,-0.670618043,-0.8047999,-0.2,-0.2989265,0.9,0.9,0.9,0,0,0,0,0,0,0,0,0,0,0,0,0,0,0,0,0,0,0,0,0,0,3.571817486,0.03037968,35.58120277,33.48367903,37.81012203,natdiv,3.687305367
1.4,0.45,-0.670618043,-0.8047999,-0.2,-0.2989265,0.95,0.95,0.95,0,0,0,0,0,0,0,0,0,0,0,0,0,0,0,0,0,0,0,0,0,0,3.574233804,0.030626777,35.66728223,33.54810068,37.92032919,natdiv,3.788739016
1.4,0.45,-0.670618043,-0.8047999,-0.2,-0.2989265,1,1,1,0,0,0,0,0,0,0,0,0,0,0,0,0,0,0,0,0,0,0,0,0,0,3.576227384,0.030918965,35.73845871,33.59541012,38.0182122,natdiv,3.890172664
1.4,0.45,-0.670618043,-0.8047999,-0.2,-0.2989265,1.05,1.05,1.05,0,0,0,0,0,0,0,0,0,0,0,0,0,0,0,0,0,0,0,0,0,0,3.577798224,0.031264412,35.79464223,33.62498525,38.10429664,natdiv,3.991606313
1.4,0.45,-0.670618043,-0.8047999,-0.2,-0.2989265,1.1,1.1,1.1,0,0,0,0,0,0,0,0,0,0,0,0,0,0,0,0,0,0,0,0,0,0,3.578946325,0.03167152,35.8357617,33.63621402,38.17914275,natdiv,4.093039962
1.4,0.45,-0.670618043,-0.8047999,-0.2,-0.2989265,1.15,1.15,1.15,0,0,0,0,0,0,0,0,0,0,0,0,0,0,0,0,0,0,0,0,0,0,3.579671687,0.032148757,35.86176503,33.62850848,38.24333131,natdiv,4.194473611
1.4,0.45,-0.670618043,-0.8047999,-0.2,-0.2989265,1.2,1.2,1.2,0,0,0,0,0,0,0,0,0,0,0,0,0,0,0,0,0,0,0,0,0,0,3.57997431,0.032704483,35.87261927,33.60131971,38.29744857,natdiv,4.295907259
1.4,0.45,-0.670618043,-0.8047999,-0.2,-0.2989265,1.25,1.25,1.25,0,0,0,0,0,0,0,0,0,0,0,0,0,0,0,0,0,0,0,0,0,0,3.579854194,0.033346777,35.86831066,33.554153,38.34207079,natdiv,4.397340908
1.4,0.45,-0.670618043,-0.8047999,-0.2,-0.2989265,1.3,1.3,1.3,0,0,0,0,0,0,0,0,0,0,0,0,0,0,0,0,0,0,0,0,0,0,3.579311339,0.034083255,35.84884465,33.48658229,38.37774939,natdiv,4.498774557
1.4,0.45,-0.670618043,-0.8047999,-0.2,-0.2989265,1.35,1.35,1.35,0,0,0,0,0,0,0,0,0,0,0,0,0,0,0,0,0,0,0,0,0,0,3.578345745,0.034920924,35.81424593,33.39826313,38.40499749,natdiv,4.600208206
1.4,0.45,-0.670618043,-0.8047999,-0.2,-0.2989265,1.4,1.4,1.4,0,0,0,0,0,0,0,0,0,0,0,0,0,0,0,0,0,0,0,0,0,0,3.576957412,0.035866053,35.76455833,33.28894322,38.42427871,natdiv,4.701641854
1.4,0.45,-0.670618043,-0.8047999,-0.2,-0.2989265,1.45,1.45,1.45,0,0,0,0,0,0,0,0,0,0,0,0,0,0,0,0,0,0,0,0,0,0,3.57514634,0.036924075,35.69984475,33.15847001,38.43599886,natdiv,4.803075503
1.4,0.45,-0.670618043,-0.8047999,-0.2,-0.2989265,1.5,1.5,1.5,0,0,0,0,0,0,0,0,0,0,0,0,0,0,0,0,0,0,0,0,0,0,3.572912529,0.038099541,35.62018705,33.00679489,38.4405008,natdiv,4.904509152
1.4,0.45,-0.670618043,-0.8047999,-0.2,-0.2989265,1.55,1.55,1.55,0,0,0,0,0,0,0,0,0,0,0,0,0,0,0,0,0,0,0,0,0,0,3.570255979,0.039396102,35.52568582,32.83397408,38.43806265,natdiv,5.005942801
1.4,0.45,-0.670618043,-0.8047999,-0.2,-0.2989265,1.6,1.6,1.6,0,0,0,0,0,0,0,0,0,0,0,0,0,0,0,0,0,0,0,0,0,0,3.56717669,0.040816533,35.41646021,32.64016629,38.42889901,natdiv,5.107376449
1.4,0.45,-0.670618043,-0.8047999,-0.2,-0.2989265,1.65,1.65,1.65,0,0,0,0,0,0,0,0,0,0,0,0,0,0,0,0,0,0,0,0,0,0,3.563674662,0.042362786,35.2926477,32.42562776,38.41316475,natdiv,5.208810098
1.4,0.45,-0.670618043,-0.8047999,-0.2,-0.2989265,1.7,1.7,1.7,0,0,0,0,0,0,0,0,0,0,0,0,0,0,0,0,0,0,0,0,0,0,3.559749894,0.04403607,35.15440373,32.19070524,38.39096077,natdiv,5.310243747
1.4,0.45,-0.670618043,-0.8047999,-0.2,-0.2989265,1.75,1.75,1.75,0,0,0,0,0,0,0,0,0,0,0,0,0,0,0,0,0,0,0,0,0,0,3.555402388,0.045836944,35.00190149,31.93582758,38.362341,natdiv,5.411677396
1.4,0.45,-0.670618043,-0.8047999,-0.2,-0.2989265,1.8,1.8,1.8,0,0,0,0,0,0,0,0,0,0,0,0,0,0,0,0,0,0,0,0,0,0,3.550632143,0.047765409,34.83533144,31.66149661,38.32732014,natdiv,5.513111044
1.4,0.45,-0.670618043,-0.8047999,-0.2,-0.2989265,1.85,1.85,1.85,0,0,0,0,0,0,0,0,0,0,0,0,0,0,0,0,0,0,0,0,0,0,3.545439159,0.049821019,34.654901,31.36827782,38.28588138,natdiv,5.614544693
1.4,0.45,-0.670618043,-0.8047999,-0.2,-0.2989265,1.9,1.9,1.9,0,0,0,0,0,0,0,0,0,0,0,0,0,0,0,0,0,0,0,0,0,0,3.539823435,0.052002965,34.46083409,31.05679129,38.23798393,natdiv,5.715978342
1.4,0.45,-0.670618043,-0.8047999,-0.2,-0.2989265,1.95,1.95,1.95,0,0,0,0,0,0,0,0,0,0,0,0,0,0,0,0,0,0,0,0,0,0,3.533784973,0.05431017,34.25337065,30.72770323,38.1835698,natdiv,5.817411991
1.4,0.45,-0.670618043,-0.8047999,-0.2,-0.2989265,2,2,2,0,0,0,0,0,0,0,0,0,0,0,0,0,0,0,0,0,0,0,0,0,0,3.527323772,0.056741361,34.03276618,30.38171814,38.12256991,natdiv,5.918845639
1.4,0.45,-0.670618043,-0.8047999,-0.2,-0.2989265,2.05,2.05,2.05,0,0,0,0,0,0,0,0,0,0,0,0,0,0,0,0,0,0,0,0,0,0,3.520439831,0.059295132,33.79929118,30.01957193,38.05490921,natdiv,6.020279288
1.4,0.45,-0.670618043,-0.8047999,-0.2,-0.2989265,2.1,2.1,2.1,0,0,0,0,0,0,0,0,0,0,0,0,0,0,0,0,0,0,0,0,0,0,3.513133152,0.061970004,33.55323063,29.64202576,37.98051102,natdiv,6.121712937
1.4,0.45,-0.670618043,-0.8047999,-0.2,-0.2989265,2.15,2.15,2.15,0,0,0,0,0,0,0,0,0,0,0,0,0,0,0,0,0,0,0,0,0,0,3.505403733,0.064764461,33.2948834,29.24986071,37.8993005,natdiv,6.223146586
1.4,0.45,-0.670618043,-0.8047999,-0.2,-0.2989265,2.2,2.2,2.2,0,0,0,0,0,0,0,0,0,0,0,0,0,0,0,0,0,0,0,0,0,0,3.497251576,0.067676987,33.02456161,28.84387316,37.81120739,natdiv,6.324580234
1.4,0.45,-0.670618043,-0.8047999,-0.2,-0.2989265,2.25,2.25,2.25,0,0,0,0,0,0,0,0,0,0,0,0,0,0,0,0,0,0,0,0,0,0,3.488676679,0.070706093,32.74259008,28.42487079,37.71616811,natdiv,6.426013883
1.4,0.45,-0.670618043,-0.8047999,-0.2,-0.2989265,2.3,2.3,2.3,0,0,0,0,0,0,0,0,0,0,0,0,0,0,0,0,0,0,0,0,0,0,3.479679044,0.073850331,32.4493056,27.99366913,37.61412729,natdiv,6.527447532
1.4,0.45,-0.670618043,-0.8047999,-0.2,-0.2989265,2.35,2.35,2.35,0,0,0,0,0,0,0,0,0,0,0,0,0,0,0,0,0,0,0,0,0,0,3.470258669,0.077108312,32.14505631,27.5510885,37.50503888,natdiv,6.628881181
1.4,0.45,-0.670618043,-0.8047999,-0.2,-0.2989265,2.4,2.4,2.4,0,0,0,0,0,0,0,0,0,0,0,0,0,0,0,0,0,0,0,0,0,0,3.460415556,0.080478713,31.83020099,27.09795135,37.38886686,natdiv,6.730314829
1.4,0.45,-0.670618043,-0.8047999,-0.2,-0.2989265,2.45,2.45,2.45,0,0,0,0,0,0,0,0,0,0,0,0,0,0,0,0,0,0,0,0,0,0,3.450149703,0.083960281,31.50510837,26.63507993,37.26558569,natdiv,6.831748478
1.4,0.45,-0.670618043,-0.8047999,-0.2,-0.2989265,2.5,2.5,2.5,0,0,0,0,0,0,0,0,0,0,0,0,0,0,0,0,0,0,0,0,0,0,3.439461112,0.087551835,31.1701564,26.16329413,37.13518051,natdiv,6.933182127
1.4,0.45,-0.670618043,-0.8047999,-0.2,-0.2989265,2.537559,2.537559,2.537559,0,0,0,0,0,0,0,0,0,0,0,0,0,0,0,0,0,0,0,0,0,0,3.431154009,0.09032141,30.91229524,25.80352703,37.03253419,natdiv,7.009377055
1.4,0.45,-0.670618043,-0.8047999,-0.2,-0.2989265,0,0,0,0,0,-0.883927684,-0.883927684,-0.883927684,0,0,0,0,0,0,0,0,0,0,0,0,0,0,0,0,0,3.530824042,0.032231892,34.15209878,32.01998561,36.42618286,popd,0.03737397
1.4,0.45,-0.670618043,-0.8047999,-0.2,-0.2989265,0,0,0,0,0,-0.85,-0.85,-0.85,0,0,0,0,0,0,0,0,0,0,0,0,0,0,0,0,0,3.528012841,0.031854808,34.05622521,31.95418718,36.29654133,popd,0.105364286
1.4,0.45,-0.670618043,-0.8047999,-0.2,-0.2989265,0,0,0,0,0,-0.8,-0.8,-0.8,0,0,0,0,0,0,0,0,0,0,0,0,0,0,0,0,0,3.523861267,0.031335863,33.91513135,31.85484661,36.1086697,popd,0.26838809
1.4,0.45,-0.670618043,-0.8047999,-0.2,-0.2989265,0,0,0,0,0,-0.75,-0.75,-0.75,0,0,0,0,0,0,0,0,0,0,0,0,0,0,0,0,0,3.519699394,0.030860087,33.77427419,31.75274634,35.92450193,popd,0.506267918
1.4,0.45,-0.670618043,-0.8047999,-0.2,-0.2989265,0,0,0,0,0,-0.7,-0.7,-0.7,0,0,0,0,0,0,0,0,0,0,0,0,0,0,0,0,0,3.515527222,0.030426647,33.63365564,31.64796747,35.74393183,popd,0.819003769
1.4,0.45,-0.670618043,-0.8047999,-0.2,-0.2989265,0,0,0,0,0,-0.65,-0.65,-0.65,0,0,0,0,0,0,0,0,0,0,0,0,0,0,0,0,0,3.51134475,0.030034603,33.49327759,31.54059808,35.56684756,popd,1.206595644
1.4,0.45,-0.670618043,-0.8047999,-0.2,-0.2989265,0,0,0,0,0,-0.6,-0.6,-0.6,0,0,0,0,0,0,0,0,0,0,0,0,0,0,0,0,0,3.507151979,0.029682908,33.35314193,31.4307327,35.39313217,popd,1.669043543
1.4,0.45,-0.670618043,-0.8047999,-0.2,-0.2989265,0,0,0,0,0,-0.55,-0.55,-0.55,0,0,0,0,0,0,0,0,0,0,0,0,0,0,0,0,0,3.502948908,0.029370418,33.21325052,31.31847168,35.22266417,popd,2.206347465
1.4,0.45,-0.670618043,-0.8047999,-0.2,-0.2989265,0,0,0,0,0,-0.5,-0.5,-0.5,0,0,0,0,0,0,0,0,0,0,0,0,0,0,0,0,0,3.498735539,0.029095899,33.07360522,31.20392038,35.05531834,popd,2.818507411
1.4,0.45,-0.670618043,-0.8047999,-0.2,-0.2989265,0,0,0,0,0,-0.45,-0.45,-0.45,0,0,0,0,0,0,0,0,0,0,0,0,0,0,0,0,0,3.49451187,0.028858044,32.93420786,31.0871883,34.89096656,popd,3.50552338
1.4,0.45,-0.670618043,-0.8047999,-0.2,-0.2989265,0,0,0,0,0,-0.4,-0.4,-0.4,0,0,0,0,0,0,0,0,0,0,0,0,0,0,0,0,0,3.490277902,0.028655479,32.79506025,30.96838808,34.72947879,popd,4.267395373
1.4,0.45,-0.670618043,-0.8047999,-0.2,-0.2989265,0,0,0,0,0,-0.35,-0.35,-0.35,0,0,0,0,0,0,0,0,0,0,0,0,0,0,0,0,0,3.486033635,0.028486783,32.65616422,30.84763448,34.57072412,popd,5.10412339
1.4,0.45,-0.670618043,-0.8047999,-0.2,-0.2989265,0,0,0,0,0,-0.3,-0.3,-0.3,0,0,0,0,0,0,0,0,0,0,0,0,0,0,0,0,0,3.481779068,0.028350503,32.51752153,30.72504325,34.41457179,popd,6.01570743
1.4,0.45,-0.670618043,-0.8047999,-0.2,-0.2989265,0,0,0,0,0,-0.25,-0.25,-0.25,0,0,0,0,0,0,0,0,0,0,0,0,0,0,0,0,0,3.477514202,0.028245167,32.37913398,30.60073008,34.26089228,popd,7.002147494
1.4,0.45,-0.670618043,-0.8047999,-0.2,-0.2989265,0,0,0,0,0,-0.2,-0.2,-0.2,0,0,0,0,0,0,0,0,0,0,0,0,0,0,0,0,0,3.473239037,0.028169306,32.24100331,30.47480954,34.10955837,popd,8.063443581
1.4,0.45,-0.670618043,-0.8047999,-0.2,-0.2989265,0,0,0,0,0,-0.15,-0.15,-0.15,0,0,0,0,0,0,0,0,0,0,0,0,0,0,0,0,0,3.468953573,0.028121462,32.10313128,30.34739401,33.96044607,popd,9.199595692
1.4,0.45,-0.670618043,-0.8047999,-0.2,-0.2989265,0,0,0,0,0,-0.1,-0.1,-0.1,0,0,0,0,0,0,0,0,0,0,0,0,0,0,0,0,0,3.464657809,0.028100209,31.9655196,30.21859281,33.81343565,popd,10.41060383
1.4,0.45,-0.670618043,-0.8047999,-0.2,-0.2989265,0,0,0,0,0,-0.05,-0.05,-0.05,0,0,0,0,0,0,0,0,0,0,0,0,0,0,0,0,0,3.460351746,0.028104166,31.82816999,30.08851127,33.66841236,popd,11.69646798
1.4,0.45,-0.670618043,-0.8047999,-0.2,-0.2989265,0,0,0,0,0,1.11E-16,1.11E-16,1.11E-16,0,0,0,0,0,0,0,0,0,0,0,0,0,0,0,0,0,3.456035384,0.028132009,31.69108415,29.95725004,33.52526728,popd,13.05718817
1.4,0.45,-0.670618043,-0.8047999,-0.2,-0.2989265,0,0,0,0,0,0.05,0.05,0.05,0,0,0,0,0,0,0,0,0,0,0,0,0,0,0,0,0,3.451708723,0.028182481,31.55426377,29.82490438,33.38389787,popd,14.49276437
1.4,0.45,-0.670618043,-0.8047999,-0.2,-0.2989265,0,0,0,0,0,0.1,0.1,0.1,0,0,0,0,0,0,0,0,0,0,0,0,0,0,0,0,0,3.447371762,0.028254405,31.41771049,29.69156364,33.24420851,popd,16.0031966
1.4,0.45,-0.670618043,-0.8047999,-0.2,-0.2989265,0,0,0,0,0,0.15,0.15,0.15,0,0,0,0,0,0,0,0,0,0,0,0,0,0,0,0,0,3.443024502,0.028346691,31.28142599,29.55731086,33.10611092,popd,17.58848485
1.4,0.45,-0.670618043,-0.8047999,-0.2,-0.2989265,0,0,0,0,0,0.2,0.2,0.2,0,0,0,0,0,0,0,0,0,0,0,0,0,0,0,0,0,3.438666943,0.028458345,31.14541188,29.42222242,32.96952445,popd,19.24862913
1.4,0.45,-0.670618043,-0.8047999,-0.2,-0.2989265,0,0,0,0,0,0.25,0.25,0.25,0,0,0,0,0,0,0,0,0,0,0,0,0,0,0,0,0,3.434299085,0.028588469,31.0096698,29.28636785,32.83437626,popd,20.98362943
1.4,0.45,-0.670618043,-0.8047999,-0.2,-0.2989265,0,0,0,0,0,0.3,0.3,0.3,0,0,0,0,0,0,0,0,0,0,0,0,0,0,0,0,0,3.429920927,0.028736271,30.87420135,29.1498097,32.70060144,popd,22.79348575
1.4,0.45,-0.670618043,-0.8047999,-0.2,-0.2989265,0,0,0,0,0,0.35,0.35,0.35,0,0,0,0,0,0,0,0,0,0,0,0,0,0,0,0,0,3.42553247,0.028901065,30.73900811,29.01260353,32.56814296,popd,24.6781981
1.4,0.45,-0.670618043,-0.8047999,-0.2,-0.2989265,0,0,0,0,0,0.4,0.4,0.4,0,0,0,0,0,0,0,0,0,0,0,0,0,0,0,0,0,3.421133714,0.029082272,30.60409166,28.87479794,32.4369517,popd,26.63776647
1.4,0.45,-0.670618043,-0.8047999,-0.2,-0.2989265,0,0,0,0,0,0.45,0.45,0.45,0,0,0,0,0,0,0,0,0,0,0,0,0,0,0,0,0,3.416724659,0.02927942,30.46945355,28.73643471,32.30698621,popd,28.67219087
1.4,0.45,-0.670618043,-0.8047999,-0.2,-0.2989265,0,0,0,0,0,0.5,0.5,0.5,0,0,0,0,0,0,0,0,0,0,0,0,0,0,0,0,0,3.412305304,0.029492145,30.33509534,28.59754897,32.17821255,popd,30.78147128
1.4,0.45,-0.670618043,-0.8047999,-0.2,-0.2989265,0,0,0,0,0,0.55,0.55,0.55,0,0,0,0,0,0,0,0,0,0,0,0,0,0,0,0,0,3.40787565,0.02972019,30.20101854,28.45816944,32.05060406,popd,32.96560773
1.4,0.45,-0.670618043,-0.8047999,-0.2,-0.2989265,0,0,0,0,0,0.6,0.6,0.6,0,0,0,0,0,0,0,0,0,0,0,0,0,0,0,0,0,3.403435697,0.029963399,30.06722467,28.3183187,31.92414101,popd,35.22460019
1.4,0.45,-0.670618043,-0.8047999,-0.2,-0.2989265,0,0,0,0,0,0.65,0.65,0.65,0,0,0,0,0,0,0,0,0,0,0,0,0,0,0,0,0,3.398985445,0.030221716,29.93371522,28.17801353,31.79881031,popd,37.55844868
1.4,0.45,-0.670618043,-0.8047999,-0.2,-0.2989265,0,0,0,0,0,0.7,0.7,0.7,0,0,0,0,0,0,0,0,0,0,0,0,0,0,0,0,0,3.394524893,0.030495184,29.80049169,28.03726521,31.67460514,popd,39.96715319
1.4,0.45,-0.670618043,-0.8047999,-0.2,-0.2989265,0,0,0,0,0,0.75,0.75,0.75,0,0,0,0,0,0,0,0,0,0,0,0,0,0,0,0,0,3.390054042,0.030783934,29.66755552,27.89607994,31.55152453,popd,42.45071373
1.4,0.45,-0.670618043,-0.8047999,-0.2,-0.2989265,0,0,0,0,0,0.8,0.8,0.8,0,0,0,0,0,0,0,0,0,0,0,0,0,0,0,0,0,3.385572892,0.031088187,29.53490818,27.75445919,31.429573,popd,45.00913029
1.4,0.45,-0.670618043,-0.8047999,-0.2,-0.2989265,0,0,0,0,0,0.85,0.85,0.85,0,0,0,0,0,0,0,0,0,0,0,0,0,0,0,0,0,3.381081442,0.031408245,29.40255109,27.61240012,31.30876008,popd,47.64240287
1.4,0.45,-0.670618043,-0.8047999,-0.2,-0.2989265,0,0,0,0,0,0.9,0.9,0.9,0,0,0,0,0,0,0,0,0,0,0,0,0,0,0,0,0,3.376579694,0.031744489,29.27048568,27.46989601,31.18909993,popd,50.35053148
1.4,0.45,-0.670618043,-0.8047999,-0.2,-0.2989265,0,0,0,0,0,0.95,0.95,0.95,0,0,0,0,0,0,0,0,0,0,0,0,0,0,0,0,0,3.372067646,0.032097369,29.13871335,27.32693667,31.07061087,popd,53.13351611
1.4,0.45,-0.670618043,-0.8047999,-0.2,-0.2989265,0,0,0,0,0,1,1,1,0,0,0,0,0,0,0,0,0,0,0,0,0,0,0,0,0,3.367545298,0.032467401,29.00723549,27.18350884,30.95331495,popd,55.99135676
1.4,0.45,-0.670618043,-0.8047999,-0.2,-0.2989265,0,0,0,0,0,1.05,1.05,1.05,0,0,0,0,0,0,0,0,0,0,0,0,0,0,0,0,0,3.363012652,0.032855158,28.87605347,27.03959667,30.83723748,popd,58.92405344
1.4,0.45,-0.670618043,-0.8047999,-0.2,-0.2989265,0,0,0,0,0,1.1,1.1,1.1,0,0,0,0,0,0,0,0,0,0,0,0,0,0,0,0,0,3.358469706,0.033261269,28.74516865,26.89518212,30.7224066,popd,61.93160614
1.4,0.45,-0.670618043,-0.8047999,-0.2,-0.2989265,0,0,0,0,0,1.15,1.15,1.15,0,0,0,0,0,0,0,0,0,0,0,0,0,0,0,0,0,3.353916461,0.033686408,28.61458238,26.75024537,30.60885286,popd,65.01401487
1.4,0.45,-0.670618043,-0.8047999,-0.2,-0.2989265,0,0,0,0,0,1.2,1.2,1.2,0,0,0,0,0,0,0,0,0,0,0,0,0,0,0,0,0,3.349352917,0.034131286,28.48429597,26.60476525,30.49660876,popd,68.17127962
1.4,0.45,-0.670618043,-0.8047999,-0.2,-0.2989265,0,0,0,0,0,1.25,1.25,1.25,0,0,0,0,0,0,0,0,0,0,0,0,0,0,0,0,0,3.344779073,0.034596652,28.35431075,26.45871965,30.38570834,popd,71.40340039
1.4,0.45,-0.670618043,-0.8047999,-0.2,-0.2989265,0,0,0,0,0,1.3,1.3,1.3,0,0,0,0,0,0,0,0,0,0,0,0,0,0,0,0,0,3.340194931,0.035083279,28.22462801,26.31208588,30.27618678,popd,74.71037718
1.4,0.45,-0.670618043,-0.8047999,-0.2,-0.2989265,0,0,0,0,0,1.35,1.35,1.35,0,0,0,0,0,0,0,0,0,0,0,0,0,0,0,0,0,3.335600489,0.035591962,28.09524904,26.16484107,30.16808,popd,78.09221
1.4,0.45,-0.670618043,-0.8047999,-0.2,-0.2989265,0,0,0,0,0,1.4,1.4,1.4,0,0,0,0,0,0,0,0,0,0,0,0,0,0,0,0,0,3.330995747,0.036123509,27.96617509,26.01696253,30.06142428,popd,81.54889885
1.4,0.45,-0.670618043,-0.8047999,-0.2,-0.2989265,0,0,0,0,0,1.45,1.45,1.45,0,0,0,0,0,0,0,0,0,0,0,0,0,0,0,0,0,3.326380707,0.036678738,27.83740742,25.86842806,29.95625594,popd,85.08044371
1.4,0.45,-0.670618043,-0.8047999,-0.2,-0.2989265,0,0,0,0,0,1.5,1.5,1.5,0,0,0,0,0,0,0,0,0,0,0,0,0,0,0,0,0,3.321755367,0.037258469,27.70894727,25.7192163,29.85261097,popd,88.6868446
1.4,0.45,-0.670618043,-0.8047999,-0.2,-0.2989265,0,0,0,0,0,1.55,1.55,1.55,0,0,0,0,0,0,0,0,0,0,0,0,0,0,0,0,0,3.317119728,0.037863521,27.58079585,25.56930698,29.75052474,popd,92.36810152
1.4,0.45,-0.670618043,-0.8047999,-0.2,-0.2989265,0,0,0,0,0,1.6,1.6,1.6,0,0,0,0,0,0,0,0,0,0,0,0,0,0,0,0,0,3.31247379,0.038494703,27.45295438,25.41868119,29.65003174,popd,96.12421446
1.4,0.45,-0.670618043,-0.8047999,-0.2,-0.2989265,0,0,0,0,0,1.65,1.65,1.65,0,0,0,0,0,0,0,0,0,0,0,0,0,0,0,0,0,3.307817552,0.039152813,27.32542404,25.26732164,29.55116531,popd,99.95518342
1.4,0.45,-0.670618043,-0.8047999,-0.2,-0.2989265,0,0,0,0,0,1.7,1.7,1.7,0,0,0,0,0,0,0,0,0,0,0,0,0,0,0,0,0,3.303151015,0.039838632,27.198206,25.11521283,29.45395744,popd,103.8610084
1.4,0.45,-0.670618043,-0.8047999,-0.2,-0.2989265,0,0,0,0,0,1.75,1.75,1.75,0,0,0,0,0,0,0,0,0,0,0,0,0,0,0,0,0,3.298474179,0.04055292,27.07130144,24.96234125,29.35843855,popd,107.8416894
1.4,0.45,-0.670618043,-0.8047999,-0.2,-0.2989265,0,0,0,0,0,1.8,1.8,1.8,0,0,0,0,0,0,0,0,0,0,0,0,0,0,0,0,0,3.293787044,0.041296413,26.94471149,24.80869551,29.26463735,popd,111.8972264
1.4,0.45,-0.670618043,-0.8047999,-0.2,-0.2989265,0,0,0,0,0,1.85,1.85,1.85,0,0,0,0,0,0,0,0,0,0,0,0,0,0,0,0,0,3.289089609,0.042069821,26.81843729,24.65426645,29.17258073,popd,116.0276195
1.4,0.45,-0.670618043,-0.8047999,-0.2,-0.2989265,0,0,0,0,0,1.9,1.9,1.9,0,0,0,0,0,0,0,0,0,0,0,0,0,0,0,0,0,3.284381876,0.042873823,26.69247994,24.49904725,29.08229361,popd,120.2328686
1.4,0.45,-0.670618043,-0.8047999,-0.2,-0.2989265,0,0,0,0,0,1.95,1.95,1.95,0,0,0,0,0,0,0,0,0,0,0,0,0,0,0,0,0,3.279663842,0.043709067,26.56684056,24.34303348,28.99379889,popd,124.5129737
1.4,0.45,-0.670618043,-0.8047999,-0.2,-0.2989265,0,0,0,0,0,2,2,2,0,0,0,0,0,0,0,0,0,0,0,0,0,0,0,0,0,3.27493551,0.044576166,26.44152022,24.1862231,28.90711743,popd,128.8679348
1.4,0.45,-0.670618043,-0.8047999,-0.2,-0.2989265,0,0,0,0,0,2.05,2.05,2.05,0,0,0,0,0,0,0,0,0,0,0,0,0,0,0,0,0,3.270196879,0.045475702,26.31651999,24.02861652,28.82226797,popd,133.297752
1.4,0.45,-0.670618043,-0.8047999,-0.2,-0.2989265,0,0,0,0,0,2.1,2.1,2.1,0,0,0,0,0,0,0,0,0,0,0,0,0,0,0,0,0,3.265447948,0.046408218,26.19184094,23.87021656,28.7392672,popd,137.8024251
1.4,0.45,-0.670618043,-0.8047999,-0.2,-0.2989265,0,0,0,0,0,2.15,2.15,2.15,0,0,0,0,0,0,0,0,0,0,0,0,0,0,0,0,0,3.260688718,0.047374223,26.0674841,23.71102838,28.65812972,popd,142.3819543
1.4,0.45,-0.670618043,-0.8047999,-0.2,-0.2989265,0,0,0,0,0,2.2,2.2,2.2,0,0,0,0,0,0,0,0,0,0,0,0,0,0,0,0,0,3.255919188,0.04837419,25.94345049,23.55105948,28.57886814,popd,147.0363395
1.4,0.45,-0.670618043,-0.8047999,-0.2,-0.2989265,0,0,0,0,0,2.25,2.25,2.25,0,0,0,0,0,0,0,0,0,0,0,0,0,0,0,0,0,3.25113936,0.049408557,25.81974113,23.39031962,28.50149306,popd,151.7655808
1.4,0.45,-0.670618043,-0.8047999,-0.2,-0.2989265,0,0,0,0,0,2.3,2.3,2.3,0,0,0,0,0,0,0,0,0,0,0,0,0,0,0,0,0,3.246349232,0.050477727,25.69635702,23.22882068,28.42601324,popd,156.5696781
1.4,0.45,-0.670618043,-0.8047999,-0.2,-0.2989265,0,0,0,0,0,2.35,2.35,2.35,0,0,0,0,0,0,0,0,0,0,0,0,0,0,0,0,0,3.241548805,0.051582067,25.57329913,23.06657664,28.3524356,popd,161.4486314
1.4,0.45,-0.670618043,-0.8047999,-0.2,-0.2989265,0,0,0,0,0,2.4,2.4,2.4,0,0,0,0,0,0,0,0,0,0,0,0,0,0,0,0,0,3.236738078,0.052721913,25.45056844,22.90360341,28.28076535,popd,166.4024407
1.4,0.45,-0.670618043,-0.8047999,-0.2,-0.2989265,0,0,0,0,0,2.45,2.45,2.45,0,0,0,0,0,0,0,0,0,0,0,0,0,0,0,0,0,3.231917053,0.053897568,25.32816588,22.73991877,28.2110061,popd,171.431106
1.4,0.45,-0.670618043,-0.8047999,-0.2,-0.2989265,0,0,0,0,0,2.5,2.5,2.5,0,0,0,0,0,0,0,0,0,0,0,0,0,0,0,0,0,3.227085728,0.055109306,25.20609241,22.57554219,28.14315995,popd,176.5346274
1.4,0.45,-0.670618043,-0.8047999,-0.2,-0.2989265,0,0,0,0,0,2.55,2.55,2.55,0,0,0,0,0,0,0,0,0,0,0,0,0,0,0,0,0,3.222244103,0.056357369,25.08434894,22.41049477,28.07722757,popd,181.7130048
1.4,0.45,-0.670618043,-0.8047999,-0.2,-0.2989265,0,0,0,0,0,2.6,2.6,2.6,0,0,0,0,0,0,0,0,0,0,0,0,0,0,0,0,0,3.21739218,0.057641974,24.96293638,22.2447991,28.01320839,popd,186.9662382
1.4,0.45,-0.670618043,-0.8047999,-0.2,-0.2989265,0,0,0,0,0,2.65,2.65,2.65,0,0,0,0,0,0,0,0,0,0,0,0,0,0,0,0,0,3.212529957,0.05896331,24.84185563,22.0784791,27.95110063,popd,192.2943276
1.4,0.45,-0.670618043,-0.8047999,-0.2,-0.2989265,0,0,0,0,0,2.7,2.7,2.7,0,0,0,0,0,0,0,0,0,0,0,0,0,0,0,0,0,3.207657435,0.060321543,24.72110755,21.91155994,27.89090144,popd,197.6972731
1.4,0.45,-0.670618043,-0.8047999,-0.2,-0.2989265,0,0,0,0,0,2.75,2.75,2.75,0,0,0,0,0,0,0,0,0,0,0,0,0,0,0,0,0,3.202774614,0.061716817,24.60069303,21.74406791,27.83260703,popd,203.1750745
1.4,0.45,-0.670618043,-0.8047999,-0.2,-0.2989265,0,0,0,0,0,2.8,2.8,2.8,0,0,0,0,0,0,0,0,0,0,0,0,0,0,0,0,0,3.197881494,0.063149252,24.48061289,21.57603029,27.77621276,popd,208.727732
1.4,0.45,-0.670618043,-0.8047999,-0.2,-0.2989265,0,0,0,0,0,2.85,2.85,2.85,0,0,0,0,0,0,0,0,0,0,0,0,0,0,0,0,0,3.192978074,0.064618951,24.36086799,21.40747526,27.7217132,popd,214.3552456
1.4,0.45,-0.670618043,-0.8047999,-0.2,-0.2989265,0,0,0,0,0,2.9,2.9,2.9,0,0,0,0,0,0,0,0,0,0,0,0,0,0,0,0,0,3.188064355,0.066125997,24.24145915,21.23843178,27.6691023,popd,220.0576151
1.4,0.45,-0.670618043,-0.8047999,-0.2,-0.2989265,0,0,0,0,0,2.95,2.95,2.95,0,0,0,0,0,0,0,0,0,0,0,0,0,0,0,0,0,3.183140337,0.067670459,24.12238716,21.06892948,27.61837344,popd,225.8348407
1.4,0.45,-0.670618043,-0.8047999,-0.2,-0.2989265,0,0,0,0,0,3,3,3,0,0,0,0,0,0,0,0,0,0,0,0,0,0,0,0,0,3.17820602,0.069252389,24.00365282,20.89899857,27.5695195,popd,231.6869223
1.4,0.45,-0.670618043,-0.8047999,-0.2,-0.2989265,0,0,0,0,0,3.05,3.05,3.05,0,0,0,0,0,0,0,0,0,0,0,0,0,0,0,0,0,3.173261403,0.070871824,23.88525691,20.72866976,27.522533,popd,237.6138599
1.4,0.45,-0.670618043,-0.8047999,-0.2,-0.2989265,0,0,0,0,0,3.1,3.1,3.1,0,0,0,0,0,0,0,0,0,0,0,0,0,0,0,0,0,3.168306487,0.072528792,23.76720019,20.55797416,27.47740611,popd,243.6156536
1.4,0.45,-0.670618043,-0.8047999,-0.2,-0.2989265,0,0,0,0,0,3.15,3.15,3.15,0,0,0,0,0,0,0,0,0,0,0,0,0,0,0,0,0,3.163341272,0.074223308,23.64948341,20.38694319,27.43413077,popd,249.6923032
1.4,0.45,-0.670618043,-0.8047999,-0.2,-0.2989265,0,0,0,0,0,3.2,3.2,3.2,0,0,0,0,0,0,0,0,0,0,0,0,0,0,0,0,0,3.158365757,0.075955376,23.53210731,20.21560854,27.39269873,popd,255.8438089
1.4,0.45,-0.670618043,-0.8047999,-0.2,-0.2989265,0,0,0,0,0,3.25,3.25,3.25,0,0,0,0,0,0,0,0,0,0,0,0,0,0,0,0,0,3.153379943,0.077724992,23.41507261,20.04400206,27.35310162,popd,262.0701706
1.4,0.45,-0.670618043,-0.8047999,-0.2,-0.2989265,0,0,0,0,0,3.3,3.3,3.3,0,0,0,0,0,0,0,0,0,0,0,0,0,0,0,0,0,3.14838383,0.079532144,23.29838,19.87215571,27.31533099,popd,268.3713884
1.4,0.45,-0.670618043,-0.8047999,-0.2,-0.2989265,0,0,0,0,0,3.35,3.35,3.35,0,0,0,0,0,0,0,0,0,0,0,0,0,0,0,0,0,3.143377418,0.081376814,23.1820302,19.70010153,27.27937841,popd,274.7474621
1.4,0.45,-0.670618043,-0.8047999,-0.2,-0.2989265,0,0,0,0,0,3.4,3.4,3.4,0,0,0,0,0,0,0,0,0,0,0,0,0,0,0,0,0,3.138360707,0.083258976,23.06602387,19.52787153,27.24523543,popd,281.1983919
1.4,0.45,-0.670618043,-0.8047999,-0.2,-0.2989265,0,0,0,0,0,3.45,3.45,3.45,0,0,0,0,0,0,0,0,0,0,0,0,0,0,0,0,0,3.133333696,0.085178599,22.95036168,19.35549768,27.21289372,popd,287.7241777
1.4,0.45,-0.670618043,-0.8047999,-0.2,-0.2989265,0,0,0,0,0,3.5,3.5,3.5,0,0,0,0,0,0,0,0,0,0,0,0,0,0,0,0,0,3.128296386,0.087135648,22.83504428,19.18301188,27.18234502,popd,294.3248196
1.4,0.45,-0.670618043,-0.8047999,-0.2,-0.2989265,0,0,0,0,0,3.55,3.55,3.55,0,0,0,0,0,0,0,0,0,0,0,0,0,0,0,0,0,3.123248777,0.089130083,22.72007231,19.01044585,27.15358124,popd,301.0003174
1.4,0.45,-0.670618043,-0.8047999,-0.2,-0.2989265,0,0,0,0,0,3.6,3.6,3.6,0,0,0,0,0,0,0,0,0,0,0,0,0,0,0,0,0,3.118190868,0.091161862,22.60544639,18.83783117,27.12659445,popd,307.7506713
1.4,0.45,-0.670618043,-0.8047999,-0.2,-0.2989265,0,0,0,0,0,3.65,3.65,3.65,0,0,0,0,0,0,0,0,0,0,0,0,0,0,0,0,0,3.11312266,0.093230938,22.49116713,18.6651992,27.10137693,popd,314.5758812
1.4,0.45,-0.670618043,-0.8047999,-0.2,-0.2989265,0,0,0,0,0,3.7,3.7,3.7,0,0,0,0,0,0,0,0,0,0,0,0,0,0,0,0,0,3.108044153,0.095337263,22.37723513,18.49258106,27.07792117,popd,321.4759472
1.4,0.45,-0.670618043,-0.8047999,-0.2,-0.2989265,0,0,0,0,0,3.75,3.75,3.75,0,0,0,0,0,0,0,0,0,0,0,0,0,0,0,0,0,3.102955347,0.097480787,22.26365096,18.32000759,27.05621991,popd,328.4508691
1.4,0.45,-0.670618043,-0.8047999,-0.2,-0.2989265,0,0,0,0,0,3.8,3.8,3.8,0,0,0,0,0,0,0,0,0,0,0,0,0,0,0,0,0,3.097856241,0.099661457,22.1504152,18.14750937,27.03626617,popd,335.5006471
1.4,0.45,-0.670618043,-0.8047999,-0.2,-0.2989265,0,0,0,0,0,3.842768,3.842768,3.842768,0,0,0,0,0,0,0,0,0,0,0,0,0,0,0,0,0,3.093486498,0.101556152,22.05383474,18.00004385,27.02058011,popd,341.5901435
1.4,0.45,-0.670618043,-0.8047999,-0.2,-0.2989265,0,0,0,0,0,0,0,0,0,0,0,0,0,0,0,0,0,0,0,0,-0.8094452,-0.8094452,-0.8094452,0,0,3.454558083,0.028945503,31.64430143,29.86439823,33.53028597,yrbuilt,1939
1.4,0.45,-0.670618043,-0.8047999,-0.2,-0.2989265,0,0,0,0,0,0,0,0,0,0,0,0,0,0,0,0,0,0,0,0,-0.75,-0.75,-0.75,0,0,3.454666575,0.028819524,31.64773477,29.87516479,33.52547588,yrbuilt,1941.128997
1.4,0.45,-0.670618043,-0.8047999,-0.2,-0.2989265,0,0,0,0,0,0,0,0,0,0,0,0,0,0,0,0,0,0,0,0,-0.7,-0.7,-0.7,0,0,3.454757829,0.028721399,31.65062289,29.88375529,33.52195598,yrbuilt,1942.919719
1.4,0.45,-0.670618043,-0.8047999,-0.2,-0.2989265,0,0,0,0,0,0,0,0,0,0,0,0,0,0,0,0,0,0,0,0,-0.65,-0.65,-0.65,0,0,3.454849083,0.028630512,31.65351126,29.8919155,33.51892171,yrbuilt,1944.710441
1.4,0.45,-0.670618043,-0.8047999,-0.2,-0.2989265,0,0,0,0,0,0,0,0,0,0,0,0,0,0,0,0,0,0,0,0,-0.6,-0.6,-0.6,0,0,3.454940337,0.028546933,31.6563999,29.89964093,33.51637758,yrbuilt,1946.501163
1.4,0.45,-0.670618043,-0.8047999,-0.2,-0.2989265,0,0,0,0,0,0,0,0,0,0,0,0,0,0,0,0,0,0,0,0,-0.55,-0.55,-0.55,0,0,3.455031591,0.028470726,31.65928881,29.9069274,33.51432778,yrbuilt,1948.291885
1.4,0.45,-0.670618043,-0.8047999,-0.2,-0.2989265,0,0,0,0,0,0,0,0,0,0,0,0,0,0,0,0,0,0,0,0,-0.5,-0.5,-0.5,0,0,3.455122845,0.02840195,31.66217797,29.91377103,33.51277621,yrbuilt,1950.082607
1.4,0.45,-0.670618043,-0.8047999,-0.2,-0.2989265,0,0,0,0,0,0,0,0,0,0,0,0,0,0,0,0,0,0,0,0,-0.45,-0.45,-0.45,0,0,3.455214099,0.028340661,31.66506741,29.92016827,33.51172643,yrbuilt,1951.873329
1.4,0.45,-0.670618043,-0.8047999,-0.2,-0.2989265,0,0,0,0,0,0,0,0,0,0,0,0,0,0,0,0,0,0,0,0,-0.4,-0.4,-0.4,0,0,3.455305353,0.028286905,31.6679571,29.92611594,33.51118163,yrbuilt,1953.664051
1.4,0.45,-0.670618043,-0.8047999,-0.2,-0.2989265,0,0,0,0,0,0,0,0,0,0,0,0,0,0,0,0,0,0,0,0,-0.35,-0.35,-0.35,0,0,3.455396607,0.028240727,31.67084706,29.93161118,33.5111447,yrbuilt,1955.454773
1.4,0.45,-0.670618043,-0.8047999,-0.2,-0.2989265,0,0,0,0,0,0,0,0,0,0,0,0,0,0,0,0,0,0,0,0,-0.3,-0.3,-0.3,0,0,3.455487861,0.028202164,31.67373728,29.93665153,33.51161811,yrbuilt,1957.245495
1.4,0.45,-0.670618043,-0.8047999,-0.2,-0.2989265,0,0,0,0,0,0,0,0,0,0,0,0,0,0,0,0,0,0,0,0,-0.25,-0.25,-0.25,0,0,3.455579115,0.028171246,31.67662777,29.94123486,33.51260399,yrbuilt,1959.036217
1.4,0.45,-0.670618043,-0.8047999,-0.2,-0.2989265,0,0,0,0,0,0,0,0,0,0,0,0,0,0,0,0,0,0,0,0,-0.2,-0.2,-0.2,0,0,3.455670368,0.028147999,31.67951852,29.94535947,33.51410406,yrbuilt,1960.826939
1.4,0.45,-0.670618043,-0.8047999,-0.2,-0.2989265,0,0,0,0,0,0,0,0,0,0,0,0,0,0,0,0,0,0,0,0,-0.15,-0.15,-0.15,0,0,3.455761622,0.028132443,31.68240953,29.94902403,33.51611968,yrbuilt,1962.617661
1.4,0.45,-0.670618043,-0.8047999,-0.2,-0.2989265,0,0,0,0,0,0,0,0,0,0,0,0,0,0,0,0,0,0,0,0,-0.1,-0.1,-0.1,0,0,3.455852876,0.028124589,31.68530081,29.9522276,33.51865179,yrbuilt,1964.408383
1.4,0.45,-0.670618043,-0.8047999,-0.2,-0.2989265,0,0,0,0,0,0,0,0,0,0,0,0,0,0,0,0,0,0,0,0,-0.05,-0.05,-0.05,0,0,3.45594413,0.028124444,31.68819235,29.95496965,33.52170094,yrbuilt,1966.199105
1.4,0.45,-0.670618043,-0.8047999,-0.2,-0.2989265,0,0,0,0,0,0,0,0,0,0,0,0,0,0,0,0,0,0,0,0,0,0,0,0,0,3.456035384,0.028132009,31.69108415,29.95725004,33.52526728,yrbuilt,1967.989827
1.4,0.45,-0.670618043,-0.8047999,-0.2,-0.2989265,0,0,0,0,0,0,0,0,0,0,0,0,0,0,0,0,0,0,0,0,0.05,0.05,0.05,0,0,3.456126638,0.028147277,31.69397622,29.95906905,33.52935057,yrbuilt,1969.780549
1.4,0.45,-0.670618043,-0.8047999,-0.2,-0.2989265,0,0,0,0,0,0,0,0,0,0,0,0,0,0,0,0,0,0,0,0,0.1,0.1,0.1,0,0,3.456217892,0.028170235,31.69686856,29.96042734,33.53395013,yrbuilt,1971.571271
1.4,0.45,-0.670618043,-0.8047999,-0.2,-0.2989265,0,0,0,0,0,0,0,0,0,0,0,0,0,0,0,0,0,0,0,0,0.15,0.15,0.15,0,0,3.456309146,0.028200865,31.69976115,29.96132596,33.53906494,yrbuilt,1973.361993
1.4,0.45,-0.670618043,-0.8047999,-0.2,-0.2989265,0,0,0,0,0,0,0,0,0,0,0,0,0,0,0,0,0,0,0,0,0.2,0.2,0.2,0,0,3.4564004,0.028239143,31.70265401,29.96176638,33.54469355,yrbuilt,1975.152715
1.4,0.45,-0.670618043,-0.8047999,-0.2,-0.2989265,0,0,0,0,0,0,0,0,0,0,0,0,0,0,0,0,0,0,0,0,0.25,0.25,0.25,0,0,3.456491654,0.028285036,31.70554714,29.96175044,33.55083413,yrbuilt,1976.943437
1.4,0.45,-0.670618043,-0.8047999,-0.2,-0.2989265,0,0,0,0,0,0,0,0,0,0,0,0,0,0,0,0,0,0,0,0,0.3,0.3,0.3,0,0,3.456582908,0.028338508,31.70844053,29.96128035,33.55748449,yrbuilt,1978.734159
1.4,0.45,-0.670618043,-0.8047999,-0.2,-0.2989265,0,0,0,0,0,0,0,0,0,0,0,0,0,0,0,0,0,0,0,0,0.35,0.35,0.35,0,0,3.456674162,0.028399515,31.71133418,29.9603587,33.56464205,yrbuilt,1980.524881
1.4,0.45,-0.670618043,-0.8047999,-0.2,-0.2989265,0,0,0,0,0,0,0,0,0,0,0,0,0,0,0,0,0,0,0,0,0.4,0.4,0.4,0,0,3.456765416,0.028468011,31.7142281,29.95898844,33.57230388,yrbuilt,1982.315603
1.4,0.45,-0.670618043,-0.8047999,-0.2,-0.2989265,0,0,0,0,0,0,0,0,0,0,0,0,0,0,0,0,0,0,0,0,0.45,0.45,0.45,0,0,3.45685667,0.02854394,31.71712228,29.95717285,33.58046671,yrbuilt,1984.106325
1.4,0.45,-0.670618043,-0.8047999,-0.2,-0.2989265,0,0,0,0,0,0,0,0,0,0,0,0,0,0,0,0,0,0,0,0,0.5,0.5,0.5,0,0,3.456947924,0.028627244,31.72001672,29.95491556,33.58912692,yrbuilt,1985.897047
1.4,0.45,-0.670618043,-0.8047999,-0.2,-0.2989265,0,0,0,0,0,0,0,0,0,0,0,0,0,0,0,0,0,0,0,0,0.55,0.55,0.55,0,0,3.457039178,0.028717858,31.72291143,29.95222052,33.5982806,yrbuilt,1987.687769
1.4,0.45,-0.670618043,-0.8047999,-0.2,-0.2989265,0,0,0,0,0,0,0,0,0,0,0,0,0,0,0,0,0,0,0,0,0.6,0.6,0.6,0,0,3.457130432,0.028815713,31.7258064,29.94909197,33.6079235,yrbuilt,1989.478491
1.4,0.45,-0.670618043,-0.8047999,-0.2,-0.2989265,0,0,0,0,0,0,0,0,0,0,0,0,0,0,0,0,0,0,0,0,0.65,0.65,0.65,0,0,3.457221686,0.028920736,31.72870164,29.94553446,33.61805111,yrbuilt,1991.269213
1.4,0.45,-0.670618043,-0.8047999,-0.2,-0.2989265,0,0,0,0,0,0,0,0,0,0,0,0,0,0,0,0,0,0,0,0,0.7,0.7,0.7,0,0,3.45731294,0.029032849,31.73159714,29.94155279,33.62865863,yrbuilt,1993.059935
1.4,0.45,-0.670618043,-0.8047999,-0.2,-0.2989265,0,0,0,0,0,0,0,0,0,0,0,0,0,0,0,0,0,0,0,0,0.75,0.75,0.75,0,0,3.457404194,0.029151971,31.73449291,29.93715202,33.639741,yrbuilt,1994.850658
1.4,0.45,-0.670618043,-0.8047999,-0.2,-0.2989265,0,0,0,0,0,0,0,0,0,0,0,0,0,0,0,0,0,0,0,0,0.8,0.8,0.8,0,0,3.457495448,0.029278015,31.73738894,29.93233748,33.65129294,yrbuilt,1996.64138
1.4,0.45,-0.670618043,-0.8047999,-0.2,-0.2989265,0,0,0,0,0,0,0,0,0,0,0,0,0,0,0,0,0,0,0,0,0.85,0.85,0.85,0,0,3.457586702,0.029410893,31.74028524,29.92711467,33.66330894,yrbuilt,1998.432102
1.4,0.45,-0.670618043,-0.8047999,-0.2,-0.2989265,0,0,0,0,0,0,0,0,0,0,0,0,0,0,0,0,0,0,0,0,0.9,0.9,0.9,0,0,3.457677956,0.029550513,31.74318179,29.92148934,33.67578327,yrbuilt,2000.222824
1.4,0.45,-0.670618043,-0.8047999,-0.2,-0.2989265,0,0,0,0,0,0,0,0,0,0,0,0,0,0,0,0,0,0,0,0,0.95,0.95,0.95,0,0,3.45776921,0.029696779,31.74607862,29.91546741,33.68871005,yrbuilt,2002.013546
1.4,0.45,-0.670618043,-0.8047999,-0.2,-0.2989265,0,0,0,0,0,0,0,0,0,0,0,0,0,0,0,0,0,0,0,0,1,1,1,0,0,3.457860464,0.029849594,31.74897571,29.90905494,33.70208321,yrbuilt,2003.804268
1.4,0.45,-0.670618043,-0.8047999,-0.2,-0.2989265,0,0,0,0,0,0,0,0,0,0,0,0,0,0,0,0,0,0,0,0,1.033387,1.033387,1.033387,0,0,3.457921397,0.029955232,31.75091035,29.90455872,33.71125847,yrbuilt,2005.000004
